<?xml version="1.0"?>
<root>
  <doctitle name="Game Math and Geometry Library Reference Documentation" />
  <group name="Math" column="1">
    <class name="float2" />
    <class name="float3" />
    <class name="float4" />
    <class name="float3x3" />
    <class name="float3x4" />
    <class name="float4x4" />
    <class name="Quat" />
    <class name="TranslateOp" />
    <class name="ScaleOp" />
    <class name="MathFunc.h" />
  </group>
  <group name="Geometry" column="2">
    <class name="AABB" />
    <class name="Capsule" />
    <class name="Circle" />
    <class name="Frustum" />
    <class name="Line" />
    <class name="LineSegment" />
    <class name="OBB" />
    <class name="Plane" />
    <class name="Polygon" />
    <class name="Polyhedron" />
    <class name="Ray" />
    <class name="Sphere" />
    <class name="Triangle" />
  </group>
  <group name="Time" column="3">
    <class name="Clock" />
  </group>
  <group name="Random" column="3">
    <class name="LCG" />
  </group>

</root>